zr1e15kczE,"2: No, there are no or only very minor ethics concerns","2: No, there are no or only very minor ethics concerns","2: No, there are no or only very minor ethics concerns","2: No, there are no or only very minor ethics concerns","2: No, there are no or only very minor ethics concerns",,
zbEYTg2F1U,"2: No, there are no or only very minor ethics concerns","2: No, there are no or only very minor ethics concerns","2: No, there are no or only very minor ethics concerns","2: No, there are no or only very minor ethics concerns",,,
zRYSJbcRcV,"2: No, there are no or only very minor ethics concerns","2: No, there are no or only very minor ethics concerns","2: No, there are no or only very minor ethics concerns","2: No, there are no or only very minor ethics concerns",,,
zQU33Uh3qM,"2: No, there are no or only very minor ethics concerns","2: No, there are no or only very minor ethics concerns","2: No, there are no or only very minor ethics concerns","2: No, there are no or only very minor ethics concerns",,,
zGthDp4yYe,"2: No, there are no or only very minor ethics concerns","2: No, there are no or only very minor ethics concerns","2: No, there are no or only very minor ethics concerns","2: No, there are no or only very minor ethics concerns",,,
zFvvdJblZm,"2: No, there are no or only very minor ethics concerns","2: No, there are no or only very minor ethics concerns","2: No, there are no or only very minor ethics concerns",,,,
ygXSNrIU1p,"2: No, there are no or only very minor ethics concerns","2: No, there are no or only very minor ethics concerns","2: No, there are no or only very minor ethics concerns","2: No, there are no or only very minor ethics concerns","2: No, there are no or only very minor ethics concerns",,
yZQDF9f6bR,"2: No, there are no or only very minor ethics concerns","2: No, there are no or only very minor ethics concerns","2: No, there are no or only very minor ethics concerns","2: No, there are no or only very minor ethics concerns","2: No, there are no or only very minor ethics concerns",,
yXLyhKvK4D,"2: No, there are no or only very minor ethics concerns","2: No, there are no or only very minor ethics concerns","2: No, there are no or only very minor ethics concerns","2: No, there are no or only very minor ethics concerns","2: No, there are no or only very minor ethics concerns",,
yWpY5I3XyX,"2: No, there are no or only very minor ethics concerns","2: No, there are no or only very minor ethics concerns","2: No, there are no or only very minor ethics concerns","2: No, there are no or only very minor ethics concerns",,,
yEf8NSqTPu,"2: No, there are no or only very minor ethics concerns","1: Yes, there are significant ethics concerns","2: No, there are no or only very minor ethics concerns",,,,
xzEtNSuDJk,"2: No, there are no or only very minor ethics concerns","2: No, there are no or only very minor ethics concerns","2: No, there are no or only very minor ethics concerns","2: No, there are no or only very minor ethics concerns","2: No, there are no or only very minor ethics concerns",,
xo6zDI8gvB,"2: No, there are no or only very minor ethics concerns","2: No, there are no or only very minor ethics concerns","2: No, there are no or only very minor ethics concerns","2: No, there are no or only very minor ethics concerns",,,
xhbIud48JN,"2: No, there are no or only very minor ethics concerns","2: No, there are no or only very minor ethics concerns","2: No, there are no or only very minor ethics concerns",,,,
xewwYquInO,"2: No, there are no or only very minor ethics concerns","2: No, there are no or only very minor ethics concerns","2: No, there are no or only very minor ethics concerns","2: No, there are no or only very minor ethics concerns","2: No, there are no or only very minor ethics concerns",,
xbUz5DsW5T,"2: No, there are no or only very minor ethics concerns","2: No, there are no or only very minor ethics concerns","2: No, there are no or only very minor ethics concerns",,,,
xT3i5GS3zU,"2: No, there are no or only very minor ethics concerns","2: No, there are no or only very minor ethics concerns","2: No, there are no or only very minor ethics concerns","2: No, there are no or only very minor ethics concerns","2: No, there are no or only very minor ethics concerns",,
xKYtTmtyI2,"2: No, there are no or only very minor ethics concerns","2: No, there are no or only very minor ethics concerns","2: No, there are no or only very minor ethics concerns","2: No, there are no or only very minor ethics concerns",,,
xJ7YWXQOrg,"2: No, there are no or only very minor ethics concerns","2: No, there are no or only very minor ethics concerns","2: No, there are no or only very minor ethics concerns","2: No, there are no or only very minor ethics concerns","2: No, there are no or only very minor ethics concerns",,
wiw5mnja8W,"2: No, there are no or only very minor ethics concerns","2: No, there are no or only very minor ethics concerns","2: No, there are no or only very minor ethics concerns","2: No, there are no or only very minor ethics concerns","2: No, there are no or only very minor ethics concerns",,
wgDcbBMSfh,"2: No, there are no or only very minor ethics concerns","2: No, there are no or only very minor ethics concerns","2: No, there are no or only very minor ethics concerns","2: No, there are no or only very minor ethics concerns","2: No, there are no or only very minor ethics concerns",,
weHBzTLXpH,"2: No, there are no or only very minor ethics concerns","2: No, there are no or only very minor ethics concerns","2: No, there are no or only very minor ethics concerns",,,,
w4zZNC4ZaV,"2: No, there are no or only very minor ethics concerns","2: No, there are no or only very minor ethics concerns","2: No, there are no or only very minor ethics concerns","2: No, there are no or only very minor ethics concerns","2: No, there are no or only very minor ethics concerns",,
vv3cocNsEK,"2: No, there are no or only very minor ethics concerns","2: No, there are no or only very minor ethics concerns","2: No, there are no or only very minor ethics concerns","2: No, there are no or only very minor ethics concerns",,,
viktK3nO5b,"2: No, there are no or only very minor ethics concerns","2: No, there are no or only very minor ethics concerns","2: No, there are no or only very minor ethics concerns","2: No, there are no or only very minor ethics concerns","2: No, there are no or only very minor ethics concerns",,
vfzXDRTcF4,"1: Yes, there are significant ethics concerns","2: No, there are no or only very minor ethics concerns","2: No, there are no or only very minor ethics concerns","1: Yes, there are significant ethics concerns",,,
vZf7jrX1el,"2: No, there are no or only very minor ethics concerns","2: No, there are no or only very minor ethics concerns","2: No, there are no or only very minor ethics concerns","2: No, there are no or only very minor ethics concerns","2: No, there are no or only very minor ethics concerns",,
vZ9tA3o3hr,"2: No, there are no or only very minor ethics concerns","2: No, there are no or only very minor ethics concerns","2: No, there are no or only very minor ethics concerns","2: No, there are no or only very minor ethics concerns",,,
vTrRq6vCQH,"2: No, there are no or only very minor ethics concerns","2: No, there are no or only very minor ethics concerns","2: No, there are no or only very minor ethics concerns","2: No, there are no or only very minor ethics concerns",,,
v4PMCdSaAT,"2: No, there are no or only very minor ethics concerns","2: No, there are no or only very minor ethics concerns","2: No, there are no or only very minor ethics concerns",,,,
ugRnHKMK95,"2: No, there are no or only very minor ethics concerns","2: No, there are no or only very minor ethics concerns","2: No, there are no or only very minor ethics concerns","2: No, there are no or only very minor ethics concerns",,,
uccHPGDlao,"2: No, there are no or only very minor ethics concerns","2: No, there are no or only very minor ethics concerns","2: No, there are no or only very minor ethics concerns","2: No, there are no or only very minor ethics concerns",,,
uZedGmxGUg,"2: No, there are no or only very minor ethics concerns","2: No, there are no or only very minor ethics concerns","2: No, there are no or only very minor ethics concerns","2: No, there are no or only very minor ethics concerns",,,
uXBO47JcJT,"2: No, there are no or only very minor ethics concerns","2: No, there are no or only very minor ethics concerns","2: No, there are no or only very minor ethics concerns","2: No, there are no or only very minor ethics concerns",,,
uJT68uPtC0,"2: No, there are no or only very minor ethics concerns","2: No, there are no or only very minor ethics concerns","2: No, there are no or only very minor ethics concerns","2: No, there are no or only very minor ethics concerns","2: No, there are no or only very minor ethics concerns",,
uIppiU2JKP,"2: No, there are no or only very minor ethics concerns","2: No, there are no or only very minor ethics concerns","2: No, there are no or only very minor ethics concerns",,,,
uIj1jDc8k6,"2: No, there are no or only very minor ethics concerns","1: Yes, there are significant ethics concerns","2: No, there are no or only very minor ethics concerns","2: No, there are no or only very minor ethics concerns",,,
uHlKNCDAJb,"2: No, there are no or only very minor ethics concerns","2: No, there are no or only very minor ethics concerns","2: No, there are no or only very minor ethics concerns","2: No, there are no or only very minor ethics concerns","2: No, there are no or only very minor ethics concerns",,
u2cXRGm95Y,"2: No, there are no or only very minor ethics concerns","2: No, there are no or only very minor ethics concerns","2: No, there are no or only very minor ethics concerns","2: No, there are no or only very minor ethics concerns","2: No, there are no or only very minor ethics concerns",,
tz7XkY6S9Z,"2: No, there are no or only very minor ethics concerns","2: No, there are no or only very minor ethics concerns","1: Yes, there are significant ethics concerns","2: No, there are no or only very minor ethics concerns","2: No, there are no or only very minor ethics concerns",,
tk27oD2cBw,"2: No, there are no or only very minor ethics concerns","2: No, there are no or only very minor ethics concerns","2: No, there are no or only very minor ethics concerns","2: No, there are no or only very minor ethics concerns","2: No, there are no or only very minor ethics concerns",,
tOd8rSjcWz,"2: No, there are no or only very minor ethics concerns","2: No, there are no or only very minor ethics concerns","2: No, there are no or only very minor ethics concerns","2: No, there are no or only very minor ethics concerns","2: No, there are no or only very minor ethics concerns",,
tIW4kbnJIM,"1: Yes, there are significant ethics concerns","2: No, there are no or only very minor ethics concerns","2: No, there are no or only very minor ethics concerns","2: No, there are no or only very minor ethics concerns",,,
s6qtLyR6uJ,"2: No, there are no or only very minor ethics concerns","2: No, there are no or only very minor ethics concerns","2: No, there are no or only very minor ethics concerns","2: No, there are no or only very minor ethics concerns",,,
rXi13M3PKc,"2: No, there are no or only very minor ethics concerns","2: No, there are no or only very minor ethics concerns","2: No, there are no or only very minor ethics concerns","2: No, there are no or only very minor ethics concerns",,,
rR1c6rzXHa,"2: No, there are no or only very minor ethics concerns","2: No, there are no or only very minor ethics concerns","2: No, there are no or only very minor ethics concerns","2: No, there are no or only very minor ethics concerns",,,
r30thTMcaM,"1: Yes, there are significant ethics concerns","2: No, there are no or only very minor ethics concerns","2: No, there are no or only very minor ethics concerns","2: No, there are no or only very minor ethics concerns","2: No, there are no or only very minor ethics concerns",,
qynH28Y4xE,"2: No, there are no or only very minor ethics concerns","2: No, there are no or only very minor ethics concerns","2: No, there are no or only very minor ethics concerns","2: No, there are no or only very minor ethics concerns","2: No, there are no or only very minor ethics concerns",,
qmCxdPkNsa,"2: No, there are no or only very minor ethics concerns","2: No, there are no or only very minor ethics concerns","2: No, there are no or only very minor ethics concerns","2: No, there are no or only very minor ethics concerns","2: No, there are no or only very minor ethics concerns",,
qkhpbRNSSE,"2: No, there are no or only very minor ethics concerns","2: No, there are no or only very minor ethics concerns","2: No, there are no or only very minor ethics concerns","2: No, there are no or only very minor ethics concerns",,,
qi0Zrm6E5E,"2: No, there are no or only very minor ethics concerns","2: No, there are no or only very minor ethics concerns","2: No, there are no or only very minor ethics concerns","2: No, there are no or only very minor ethics concerns","2: No, there are no or only very minor ethics concerns",,
qf4CWnrvZa,"2: No, there are no or only very minor ethics concerns","2: No, there are no or only very minor ethics concerns","2: No, there are no or only very minor ethics concerns","2: No, there are no or only very minor ethics concerns",,,
qY9LR74O3Z,"2: No, there are no or only very minor ethics concerns","2: No, there are no or only very minor ethics concerns","2: No, there are no or only very minor ethics concerns","2: No, there are no or only very minor ethics concerns",,,
qWsQi9DGJb,"2: No, there are no or only very minor ethics concerns","2: No, there are no or only very minor ethics concerns","2: No, there are no or only very minor ethics concerns","2: No, there are no or only very minor ethics concerns","2: No, there are no or only very minor ethics concerns",,
qVXYU3F017,"2: No, there are no or only very minor ethics concerns","2: No, there are no or only very minor ethics concerns","2: No, there are no or only very minor ethics concerns","2: No, there are no or only very minor ethics concerns","2: No, there are no or only very minor ethics concerns",,
qG7IkQ7IBO,"2: No, there are no or only very minor ethics concerns","2: No, there are no or only very minor ethics concerns","2: No, there are no or only very minor ethics concerns","2: No, there are no or only very minor ethics concerns","2: No, there are no or only very minor ethics concerns",,
q9hc7R8N7P,"2: No, there are no or only very minor ethics concerns","2: No, there are no or only very minor ethics concerns","2: No, there are no or only very minor ethics concerns",,,,
q4XNX15kSe,"2: No, there are no or only very minor ethics concerns","2: No, there are no or only very minor ethics concerns","2: No, there are no or only very minor ethics concerns","2: No, there are no or only very minor ethics concerns",,,
q3FJk2Nvkk,"2: No, there are no or only very minor ethics concerns","2: No, there are no or only very minor ethics concerns","2: No, there are no or only very minor ethics concerns","2: No, there are no or only very minor ethics concerns",,,
q1NaqDadKM,"2: No, there are no or only very minor ethics concerns","2: No, there are no or only very minor ethics concerns","2: No, there are no or only very minor ethics concerns","2: No, there are no or only very minor ethics concerns","2: No, there are no or only very minor ethics concerns",,
pyhv4qYCEJ,"2: No, there are no or only very minor ethics concerns","2: No, there are no or only very minor ethics concerns","2: No, there are no or only very minor ethics concerns","2: No, there are no or only very minor ethics concerns","2: No, there are no or only very minor ethics concerns",,
pvdm4B6JMK,"2: No, there are no or only very minor ethics concerns","2: No, there are no or only very minor ethics concerns","2: No, there are no or only very minor ethics concerns","2: No, there are no or only very minor ethics concerns",,,
pu3sNlrgQr,"2: No, there are no or only very minor ethics concerns","2: No, there are no or only very minor ethics concerns","2: No, there are no or only very minor ethics concerns","2: No, there are no or only very minor ethics concerns",,,
plAix1NxhU,"2: No, there are no or only very minor ethics concerns","2: No, there are no or only very minor ethics concerns","2: No, there are no or only very minor ethics concerns","2: No, there are no or only very minor ethics concerns","2: No, there are no or only very minor ethics concerns",,
pX5xlL1T4C,"2: No, there are no or only very minor ethics concerns","2: No, there are no or only very minor ethics concerns","2: No, there are no or only very minor ethics concerns","2: No, there are no or only very minor ethics concerns",,,
pWkrU6raMt,"2: No, there are no or only very minor ethics concerns","2: No, there are no or only very minor ethics concerns","2: No, there are no or only very minor ethics concerns","2: No, there are no or only very minor ethics concerns",,,
pV1xV2RK6I,"2: No, there are no or only very minor ethics concerns","2: No, there are no or only very minor ethics concerns","2: No, there are no or only very minor ethics concerns","2: No, there are no or only very minor ethics concerns","2: No, there are no or only very minor ethics concerns",,
pTSNoBTk8E,"2: No, there are no or only very minor ethics concerns","2: No, there are no or only very minor ethics concerns","2: No, there are no or only very minor ethics concerns","2: No, there are no or only very minor ethics concerns",,,
pRnrg2bWr0,"2: No, there are no or only very minor ethics concerns","2: No, there are no or only very minor ethics concerns","2: No, there are no or only very minor ethics concerns",,,,
oz4AGs0phP,"2: No, there are no or only very minor ethics concerns","2: No, there are no or only very minor ethics concerns","2: No, there are no or only very minor ethics concerns","2: No, there are no or only very minor ethics concerns","2: No, there are no or only very minor ethics concerns",,
oi1MUMk5NF,"2: No, there are no or only very minor ethics concerns","2: No, there are no or only very minor ethics concerns","2: No, there are no or only very minor ethics concerns","2: No, there are no or only very minor ethics concerns",,,
oQSfcVTNr1,"2: No, there are no or only very minor ethics concerns","2: No, there are no or only very minor ethics concerns","2: No, there are no or only very minor ethics concerns","2: No, there are no or only very minor ethics concerns","2: No, there are no or only very minor ethics concerns",,
oIUXpBnyjv,"2: No, there are no or only very minor ethics concerns","2: No, there are no or only very minor ethics concerns","2: No, there are no or only very minor ethics concerns","2: No, there are no or only very minor ethics concerns","2: No, there are no or only very minor ethics concerns",,
n8hpztIuet,"2: No, there are no or only very minor ethics concerns","2: No, there are no or only very minor ethics concerns","2: No, there are no or only very minor ethics concerns","2: No, there are no or only very minor ethics concerns","2: No, there are no or only very minor ethics concerns",,
n581purqB4,"2: No, there are no or only very minor ethics concerns","2: No, there are no or only very minor ethics concerns","2: No, there are no or only very minor ethics concerns","2: No, there are no or only very minor ethics concerns","2: No, there are no or only very minor ethics concerns",,
n4OwK8cpx2,"2: No, there are no or only very minor ethics concerns","2: No, there are no or only very minor ethics concerns","2: No, there are no or only very minor ethics concerns","2: No, there are no or only very minor ethics concerns","2: No, there are no or only very minor ethics concerns",,
n2wW7goGky,"2: No, there are no or only very minor ethics concerns","2: No, there are no or only very minor ethics concerns","2: No, there are no or only very minor ethics concerns","2: No, there are no or only very minor ethics concerns",,,
msWIK6SKBK,"2: No, there are no or only very minor ethics concerns","2: No, there are no or only very minor ethics concerns","2: No, there are no or only very minor ethics concerns","2: No, there are no or only very minor ethics concerns","2: No, there are no or only very minor ethics concerns",,
mkSDXjX6EM,"2: No, there are no or only very minor ethics concerns","2: No, there are no or only very minor ethics concerns","2: No, there are no or only very minor ethics concerns","2: No, there are no or only very minor ethics concerns","2: No, there are no or only very minor ethics concerns",,
m2mbfoSuJ1,"2: No, there are no or only very minor ethics concerns","2: No, there are no or only very minor ethics concerns","2: No, there are no or only very minor ethics concerns","2: No, there are no or only very minor ethics concerns",,,
loOw3oyhFW,"2: No, there are no or only very minor ethics concerns","2: No, there are no or only very minor ethics concerns","2: No, there are no or only very minor ethics concerns","2: No, there are no or only very minor ethics concerns","2: No, there are no or only very minor ethics concerns",,
lh2f1AD4ax,"2: No, there are no or only very minor ethics concerns","2: No, there are no or only very minor ethics concerns","2: No, there are no or only very minor ethics concerns","2: No, there are no or only very minor ethics concerns",,,
lCuoehPWrB,"2: No, there are no or only very minor ethics concerns","2: No, there are no or only very minor ethics concerns","2: No, there are no or only very minor ethics concerns","2: No, there are no or only very minor ethics concerns","2: No, there are no or only very minor ethics concerns",,
l7Ggnzaws5,"2: No, there are no or only very minor ethics concerns","2: No, there are no or only very minor ethics concerns","2: No, there are no or only very minor ethics concerns","2: No, there are no or only very minor ethics concerns",,,
kxFKgqwFNk,"2: No, there are no or only very minor ethics concerns","2: No, there are no or only very minor ethics concerns","2: No, there are no or only very minor ethics concerns","2: No, there are no or only very minor ethics concerns",,,
kiYqbO3wqw,"2: No, there are no or only very minor ethics concerns","2: No, there are no or only very minor ethics concerns","2: No, there are no or only very minor ethics concerns","2: No, there are no or only very minor ethics concerns",,,
kaHpo8OZw2,"2: No, there are no or only very minor ethics concerns","2: No, there are no or only very minor ethics concerns","2: No, there are no or only very minor ethics concerns","2: No, there are no or only very minor ethics concerns","1: Yes, there are significant ethics concerns",,
kM5eGcdCzq,"2: No, there are no or only very minor ethics concerns","2: No, there are no or only very minor ethics concerns","2: No, there are no or only very minor ethics concerns","2: No, there are no or only very minor ethics concerns",,,
k4juAEW1tG,"2: No, there are no or only very minor ethics concerns","2: No, there are no or only very minor ethics concerns","2: No, there are no or only very minor ethics concerns","2: No, there are no or only very minor ethics concerns",,,
jfwRLudQyj,"2: No, there are no or only very minor ethics concerns","2: No, there are no or only very minor ethics concerns","2: No, there are no or only very minor ethics concerns","2: No, there are no or only very minor ethics concerns","2: No, there are no or only very minor ethics concerns","2: No, there are no or only very minor ethics concerns",
jUpVFjRdUV,"2: No, there are no or only very minor ethics concerns","2: No, there are no or only very minor ethics concerns","2: No, there are no or only very minor ethics concerns","2: No, there are no or only very minor ethics concerns",,,
jSO7Vgolc6,"2: No, there are no or only very minor ethics concerns","2: No, there are no or only very minor ethics concerns","2: No, there are no or only very minor ethics concerns","2: No, there are no or only very minor ethics concerns","2: No, there are no or only very minor ethics concerns",,
jP3BduIxy6,"2: No, there are no or only very minor ethics concerns","2: No, there are no or only very minor ethics concerns","2: No, there are no or only very minor ethics concerns",,,,
jKFKwW8JGG,"2: No, there are no or only very minor ethics concerns","2: No, there are no or only very minor ethics concerns","2: No, there are no or only very minor ethics concerns","2: No, there are no or only very minor ethics concerns","2: No, there are no or only very minor ethics concerns",,
jHrgq55ftl,"2: No, there are no or only very minor ethics concerns","2: No, there are no or only very minor ethics concerns","2: No, there are no or only very minor ethics concerns","2: No, there are no or only very minor ethics concerns",,,
jGyMUum1Lq,"2: No, there are no or only very minor ethics concerns","2: No, there are no or only very minor ethics concerns","2: No, there are no or only very minor ethics concerns","2: No, there are no or only very minor ethics concerns",,,
j4b3l5kOil,"2: No, there are no or only very minor ethics concerns","2: No, there are no or only very minor ethics concerns","2: No, there are no or only very minor ethics concerns",,,,
j2wasUypqN,"2: No, there are no or only very minor ethics concerns","2: No, there are no or only very minor ethics concerns","2: No, there are no or only very minor ethics concerns","2: No, there are no or only very minor ethics concerns",,,
igEYxgQP7t,"2: No, there are no or only very minor ethics concerns","2: No, there are no or only very minor ethics concerns","1: Yes, there are significant ethics concerns","2: No, there are no or only very minor ethics concerns","2: No, there are no or only very minor ethics concerns",,
hrWsIC4Cmz,"2: No, there are no or only very minor ethics concerns","2: No, there are no or only very minor ethics concerns","2: No, there are no or only very minor ethics concerns","2: No, there are no or only very minor ethics concerns","2: No, there are no or only very minor ethics concerns",,
hr9Bd1A9Un,"2: No, there are no or only very minor ethics concerns","2: No, there are no or only very minor ethics concerns","2: No, there are no or only very minor ethics concerns","2: No, there are no or only very minor ethics concerns",,,
hjFQoqPIgL,"2: No, there are no or only very minor ethics concerns","2: No, there are no or only very minor ethics concerns","2: No, there are no or only very minor ethics concerns","2: No, there are no or only very minor ethics concerns",,,
hizSx8pf0U,"2: No, there are no or only very minor ethics concerns","2: No, there are no or only very minor ethics concerns","2: No, there are no or only very minor ethics concerns","1: Yes, there are significant ethics concerns","2: No, there are no or only very minor ethics concerns",,
hiO0735tmc,"2: No, there are no or only very minor ethics concerns","2: No, there are no or only very minor ethics concerns","2: No, there are no or only very minor ethics concerns","2: No, there are no or only very minor ethics concerns","2: No, there are no or only very minor ethics concerns",,
hVhoVxVD9D,"2: No, there are no or only very minor ethics concerns","2: No, there are no or only very minor ethics concerns","2: No, there are no or only very minor ethics concerns","2: No, there are no or only very minor ethics concerns","2: No, there are no or only very minor ethics concerns",,
hL8uGYjlHU,"2: No, there are no or only very minor ethics concerns","2: No, there are no or only very minor ethics concerns","2: No, there are no or only very minor ethics concerns","2: No, there are no or only very minor ethics concerns","2: No, there are no or only very minor ethics concerns",,
hJPATsBb3l,"2: No, there are no or only very minor ethics concerns","1: Yes, there are significant ethics concerns","2: No, there are no or only very minor ethics concerns","2: No, there are no or only very minor ethics concerns","2: No, there are no or only very minor ethics concerns",,
hHKBiMPfCj,"2: No, there are no or only very minor ethics concerns","2: No, there are no or only very minor ethics concerns","2: No, there are no or only very minor ethics concerns","2: No, there are no or only very minor ethics concerns","2: No, there are no or only very minor ethics concerns",,
gO0kS0eE0F,"2: No, there are no or only very minor ethics concerns","2: No, there are no or only very minor ethics concerns","2: No, there are no or only very minor ethics concerns","2: No, there are no or only very minor ethics concerns",,,
gMYsxTin4x,"2: No, there are no or only very minor ethics concerns","2: No, there are no or only very minor ethics concerns","2: No, there are no or only very minor ethics concerns","2: No, there are no or only very minor ethics concerns","2: No, there are no or only very minor ethics concerns",,
gFf0a0ZxJM,"2: No, there are no or only very minor ethics concerns","2: No, there are no or only very minor ethics concerns","2: No, there are no or only very minor ethics concerns","2: No, there are no or only very minor ethics concerns","2: No, there are no or only very minor ethics concerns",,
g7OX2sOJtn,"2: No, there are no or only very minor ethics concerns","2: No, there are no or only very minor ethics concerns","2: No, there are no or only very minor ethics concerns","2: No, there are no or only very minor ethics concerns","2: No, there are no or only very minor ethics concerns",,
g5v3Ig6WVq,"2: No, there are no or only very minor ethics concerns","2: No, there are no or only very minor ethics concerns","2: No, there are no or only very minor ethics concerns","2: No, there are no or only very minor ethics concerns","2: No, there are no or only very minor ethics concerns",,
g0QovXbFw3,"2: No, there are no or only very minor ethics concerns","2: No, there are no or only very minor ethics concerns","2: No, there are no or only very minor ethics concerns",,,,
fvKaLF1ns8,"2: No, there are no or only very minor ethics concerns","2: No, there are no or only very minor ethics concerns","2: No, there are no or only very minor ethics concerns","2: No, there are no or only very minor ethics concerns","2: No, there are no or only very minor ethics concerns",,
fr3OT4rosO,"2: No, there are no or only very minor ethics concerns","2: No, there are no or only very minor ethics concerns","2: No, there are no or only very minor ethics concerns","2: No, there are no or only very minor ethics concerns","2: No, there are no or only very minor ethics concerns",,
fnQ2QPl5n7,"2: No, there are no or only very minor ethics concerns","2: No, there are no or only very minor ethics concerns","2: No, there are no or only very minor ethics concerns","2: No, there are no or only very minor ethics concerns",,,
fZq8Tw0jdm,"2: No, there are no or only very minor ethics concerns","2: No, there are no or only very minor ethics concerns","2: No, there are no or only very minor ethics concerns","2: No, there are no or only very minor ethics concerns","2: No, there are no or only very minor ethics concerns",,
fOrm2rGX2r,"2: No, there are no or only very minor ethics concerns","2: No, there are no or only very minor ethics concerns","2: No, there are no or only very minor ethics concerns","2: No, there are no or only very minor ethics concerns","2: No, there are no or only very minor ethics concerns",,
fKzSz0oyaI,"2: No, there are no or only very minor ethics concerns","2: No, there are no or only very minor ethics concerns","2: No, there are no or only very minor ethics concerns","2: No, there are no or only very minor ethics concerns","2: No, there are no or only very minor ethics concerns",,
epUQ40eCzk,"2: No, there are no or only very minor ethics concerns","1: Yes, there are significant ethics concerns","2: No, there are no or only very minor ethics concerns","2: No, there are no or only very minor ethics concerns","2: No, there are no or only very minor ethics concerns",,
eM6WLko4Dv,"2: No, there are no or only very minor ethics concerns","2: No, there are no or only very minor ethics concerns","2: No, there are no or only very minor ethics concerns","2: No, there are no or only very minor ethics concerns","2: No, there are no or only very minor ethics concerns",,
eJ5nu9qvWz,"2: No, there are no or only very minor ethics concerns","2: No, there are no or only very minor ethics concerns","2: No, there are no or only very minor ethics concerns","2: No, there are no or only very minor ethics concerns",,,
eEK99egXeB,"2: No, there are no or only very minor ethics concerns","2: No, there are no or only very minor ethics concerns","2: No, there are no or only very minor ethics concerns","2: No, there are no or only very minor ethics concerns",,,
e9n4JjkmXZ,"2: No, there are no or only very minor ethics concerns","2: No, there are no or only very minor ethics concerns","2: No, there are no or only very minor ethics concerns","2: No, there are no or only very minor ethics concerns",,,
doV2nhGm1l,"2: No, there are no or only very minor ethics concerns","2: No, there are no or only very minor ethics concerns","2: No, there are no or only very minor ethics concerns","2: No, there are no or only very minor ethics concerns",,,
dhJ8VbcEtX,"2: No, there are no or only very minor ethics concerns","2: No, there are no or only very minor ethics concerns","2: No, there are no or only very minor ethics concerns","2: No, there are no or only very minor ethics concerns",,,
dVaWCDMBof,"2: No, there are no or only very minor ethics concerns","2: No, there are no or only very minor ethics concerns","2: No, there are no or only very minor ethics concerns","2: No, there are no or only very minor ethics concerns",,,
dUFf0pgkC7,"2: No, there are no or only very minor ethics concerns","2: No, there are no or only very minor ethics concerns","2: No, there are no or only very minor ethics concerns","2: No, there are no or only very minor ethics concerns",,,
dOeBYjxSoq,"2: No, there are no or only very minor ethics concerns","2: No, there are no or only very minor ethics concerns","2: No, there are no or only very minor ethics concerns","2: No, there are no or only very minor ethics concerns","2: No, there are no or only very minor ethics concerns",,
dK1Rs1o0Ij,"2: No, there are no or only very minor ethics concerns","2: No, there are no or only very minor ethics concerns","2: No, there are no or only very minor ethics concerns",,,,
dJEjgQcbOt,"1: Yes, there are significant ethics concerns","2: No, there are no or only very minor ethics concerns","2: No, there are no or only very minor ethics concerns",,,,
dI4wzAE6uV,"2: No, there are no or only very minor ethics concerns","2: No, there are no or only very minor ethics concerns","2: No, there are no or only very minor ethics concerns","2: No, there are no or only very minor ethics concerns","2: No, there are no or only very minor ethics concerns","2: No, there are no or only very minor ethics concerns",
cuheT1BAp4,"2: No, there are no or only very minor ethics concerns","2: No, there are no or only very minor ethics concerns","2: No, there are no or only very minor ethics concerns","2: No, there are no or only very minor ethics concerns","2: No, there are no or only very minor ethics concerns",,
crbPFR2Hpv,"2: No, there are no or only very minor ethics concerns","2: No, there are no or only very minor ethics concerns",,,,,
calKOSmBxj,"2: No, there are no or only very minor ethics concerns","2: No, there are no or only very minor ethics concerns","2: No, there are no or only very minor ethics concerns","2: No, there are no or only very minor ethics concerns",,,
cF6rQz8V3V,"2: No, there are no or only very minor ethics concerns","2: No, there are no or only very minor ethics concerns","2: No, there are no or only very minor ethics concerns","2: No, there are no or only very minor ethics concerns","2: No, there are no or only very minor ethics concerns",,
cAjZ3tMye6,"2: No, there are no or only very minor ethics concerns","2: No, there are no or only very minor ethics concerns","2: No, there are no or only very minor ethics concerns","2: No, there are no or only very minor ethics concerns","2: No, there are no or only very minor ethics concerns",,
c5rqd6PZn6,"2: No, there are no or only very minor ethics concerns","2: No, there are no or only very minor ethics concerns","2: No, there are no or only very minor ethics concerns","2: No, there are no or only very minor ethics concerns","2: No, there are no or only very minor ethics concerns",,
c5DUGninMz,"2: No, there are no or only very minor ethics concerns","2: No, there are no or only very minor ethics concerns","2: No, there are no or only very minor ethics concerns",,,,
c3kuX7ltzr,"2: No, there are no or only very minor ethics concerns","2: No, there are no or only very minor ethics concerns","2: No, there are no or only very minor ethics concerns","2: No, there are no or only very minor ethics concerns","2: No, there are no or only very minor ethics concerns",,
bqXduvuW5E,"2: No, there are no or only very minor ethics concerns","2: No, there are no or only very minor ethics concerns","2: No, there are no or only very minor ethics concerns","2: No, there are no or only very minor ethics concerns","2: No, there are no or only very minor ethics concerns",,
bmfMNIf1bU,"2: No, there are no or only very minor ethics concerns","1: Yes, there are significant ethics concerns","2: No, there are no or only very minor ethics concerns","2: No, there are no or only very minor ethics concerns","2: No, there are no or only very minor ethics concerns",,
bjvRVA2ihO,"2: No, there are no or only very minor ethics concerns","2: No, there are no or only very minor ethics concerns","2: No, there are no or only very minor ethics concerns","2: No, there are no or only very minor ethics concerns","2: No, there are no or only very minor ethics concerns",,
bdWkFt7M6X,"2: No, there are no or only very minor ethics concerns","2: No, there are no or only very minor ethics concerns","2: No, there are no or only very minor ethics concerns",,,,
bW1uwPV3im,"2: No, there are no or only very minor ethics concerns","2: No, there are no or only very minor ethics concerns","2: No, there are no or only very minor ethics concerns","2: No, there are no or only very minor ethics concerns","2: No, there are no or only very minor ethics concerns",,
argZAtDMMF,"2: No, there are no or only very minor ethics concerns","2: No, there are no or only very minor ethics concerns","2: No, there are no or only very minor ethics concerns","2: No, there are no or only very minor ethics concerns",,,
aKnWIrDPiR,"1: Yes, there are significant ethics concerns","2: No, there are no or only very minor ethics concerns","2: No, there are no or only very minor ethics concerns","2: No, there are no or only very minor ethics concerns",,,
ZsDB2GzsqG,"2: No, there are no or only very minor ethics concerns","2: No, there are no or only very minor ethics concerns","2: No, there are no or only very minor ethics concerns","2: No, there are no or only very minor ethics concerns",,,
ZrNRBmOzwE,"2: No, there are no or only very minor ethics concerns","2: No, there are no or only very minor ethics concerns","2: No, there are no or only very minor ethics concerns","2: No, there are no or only very minor ethics concerns","2: No, there are no or only very minor ethics concerns",,
ZknHnDDxng,"2: No, there are no or only very minor ethics concerns","2: No, there are no or only very minor ethics concerns","2: No, there are no or only very minor ethics concerns","2: No, there are no or only very minor ethics concerns",,,
ZbmS3MU25p,"2: No, there are no or only very minor ethics concerns","2: No, there are no or only very minor ethics concerns","2: No, there are no or only very minor ethics concerns","2: No, there are no or only very minor ethics concerns",,,
ZV4tZgclu8,"2: No, there are no or only very minor ethics concerns","2: No, there are no or only very minor ethics concerns","2: No, there are no or only very minor ethics concerns","2: No, there are no or only very minor ethics concerns",,,
ZJWQfgXQb6,"2: No, there are no or only very minor ethics concerns","1: Yes, there are significant ethics concerns","2: No, there are no or only very minor ethics concerns","2: No, there are no or only very minor ethics concerns","2: No, there are no or only very minor ethics concerns",,
ZDnnzsado4,"2: No, there are no or only very minor ethics concerns","2: No, there are no or only very minor ethics concerns","2: No, there are no or only very minor ethics concerns","2: No, there are no or only very minor ethics concerns",,,
Ys8RmfF9w1,"2: No, there are no or only very minor ethics concerns","2: No, there are no or only very minor ethics concerns","2: No, there are no or only very minor ethics concerns","2: No, there are no or only very minor ethics concerns","2: No, there are no or only very minor ethics concerns",,
YfPKQycBDE,"2: No, there are no or only very minor ethics concerns","2: No, there are no or only very minor ethics concerns","2: No, there are no or only very minor ethics concerns","2: No, there are no or only very minor ethics concerns","2: No, there are no or only very minor ethics concerns",,
YdjWXrdOTh,"2: No, there are no or only very minor ethics concerns","2: No, there are no or only very minor ethics concerns","2: No, there are no or only very minor ethics concerns","2: No, there are no or only very minor ethics concerns","2: No, there are no or only very minor ethics concerns",,
YXogl4uQUO,"2: No, there are no or only very minor ethics concerns","2: No, there are no or only very minor ethics concerns","2: No, there are no or only very minor ethics concerns","2: No, there are no or only very minor ethics concerns",,,
YWJ7Yi4OtH,"2: No, there are no or only very minor ethics concerns","2: No, there are no or only very minor ethics concerns","2: No, there are no or only very minor ethics concerns",,,,
YJ4ioRbxNb,"2: No, there are no or only very minor ethics concerns","2: No, there are no or only very minor ethics concerns","2: No, there are no or only very minor ethics concerns",,,,
Y4GZ2w74f4,"2: No, there are no or only very minor ethics concerns","2: No, there are no or only very minor ethics concerns","2: No, there are no or only very minor ethics concerns","2: No, there are no or only very minor ethics concerns",,,
Y45ZCxslFx,"2: No, there are no or only very minor ethics concerns","2: No, there are no or only very minor ethics concerns","2: No, there are no or only very minor ethics concerns",,,,
Xoi31wJ5iI,"2: No, there are no or only very minor ethics concerns","2: No, there are no or only very minor ethics concerns","2: No, there are no or only very minor ethics concerns","2: No, there are no or only very minor ethics concerns","2: No, there are no or only very minor ethics concerns",,
XjaWEAyToL,"2: No, there are no or only very minor ethics concerns","2: No, there are no or only very minor ethics concerns","2: No, there are no or only very minor ethics concerns","2: No, there are no or only very minor ethics concerns","2: No, there are no or only very minor ethics concerns",,
XfQbPqRPXi,"2: No, there are no or only very minor ethics concerns","2: No, there are no or only very minor ethics concerns","2: No, there are no or only very minor ethics concerns","2: No, there are no or only very minor ethics concerns","2: No, there are no or only very minor ethics concerns",,
XZf2bnMBag,"2: No, there are no or only very minor ethics concerns","2: No, there are no or only very minor ethics concerns","1: Yes, there are significant ethics concerns",,,,
XYxNklOMMX,"2: No, there are no or only very minor ethics concerns","2: No, there are no or only very minor ethics concerns","2: No, there are no or only very minor ethics concerns","2: No, there are no or only very minor ethics concerns","2: No, there are no or only very minor ethics concerns",,
XOpaPrb0U5,"2: No, there are no or only very minor ethics concerns","2: No, there are no or only very minor ethics concerns","2: No, there are no or only very minor ethics concerns","2: No, there are no or only very minor ethics concerns",,,
Wz2BJNQlyI,"2: No, there are no or only very minor ethics concerns","2: No, there are no or only very minor ethics concerns","2: No, there are no or only very minor ethics concerns","2: No, there are no or only very minor ethics concerns",,,
WtajAo0JWU,"2: No, there are no or only very minor ethics concerns","1: Yes, there are significant ethics concerns","2: No, there are no or only very minor ethics concerns","1: Yes, there are significant ethics concerns","2: No, there are no or only very minor ethics concerns",,
WqSPQFxFRC,"2: No, there are no or only very minor ethics concerns","2: No, there are no or only very minor ethics concerns","2: No, there are no or only very minor ethics concerns","2: No, there are no or only very minor ethics concerns","1: Yes, there are significant ethics concerns",,
Wbr51vK331,"2: No, there are no or only very minor ethics concerns","2: No, there are no or only very minor ethics concerns","2: No, there are no or only very minor ethics concerns","2: No, there are no or only very minor ethics concerns",,,
WZmlxIuIGR,"2: No, there are no or only very minor ethics concerns","2: No, there are no or only very minor ethics concerns","2: No, there are no or only very minor ethics concerns","2: No, there are no or only very minor ethics concerns","2: No, there are no or only very minor ethics concerns",,
W6xb7bkbYA,"2: No, there are no or only very minor ethics concerns","2: No, there are no or only very minor ethics concerns","2: No, there are no or only very minor ethics concerns","2: No, there are no or only very minor ethics concerns",,,
W5If9P1xqO,"2: No, there are no or only very minor ethics concerns","2: No, there are no or only very minor ethics concerns","2: No, there are no or only very minor ethics concerns","2: No, there are no or only very minor ethics concerns","2: No, there are no or only very minor ethics concerns",,
VtbKj2xlhI,"2: No, there are no or only very minor ethics concerns","2: No, there are no or only very minor ethics concerns","2: No, there are no or only very minor ethics concerns","2: No, there are no or only very minor ethics concerns",,,
Vn5qZGxGj3,"2: No, there are no or only very minor ethics concerns","2: No, there are no or only very minor ethics concerns","2: No, there are no or only very minor ethics concerns","2: No, there are no or only very minor ethics concerns","2: No, there are no or only very minor ethics concerns",,
VeJgZYhT7H,"2: No, there are no or only very minor ethics concerns","2: No, there are no or only very minor ethics concerns","2: No, there are no or only very minor ethics concerns","2: No, there are no or only very minor ethics concerns","2: No, there are no or only very minor ethics concerns",,
VSJotgbPHF,"2: No, there are no or only very minor ethics concerns","2: No, there are no or only very minor ethics concerns","2: No, there are no or only very minor ethics concerns","2: No, there are no or only very minor ethics concerns","2: No, there are no or only very minor ethics concerns",,
VIRKdeFJIg,"2: No, there are no or only very minor ethics concerns","2: No, there are no or only very minor ethics concerns","2: No, there are no or only very minor ethics concerns","2: No, there are no or only very minor ethics concerns","2: No, there are no or only very minor ethics concerns",,
VH1vxapUTs,"2: No, there are no or only very minor ethics concerns","2: No, there are no or only very minor ethics concerns","2: No, there are no or only very minor ethics concerns","2: No, there are no or only very minor ethics concerns",,,
UvX8QfhfUx,"2: No, there are no or only very minor ethics concerns","2: No, there are no or only very minor ethics concerns","2: No, there are no or only very minor ethics concerns","2: No, there are no or only very minor ethics concerns","2: No, there are no or only very minor ethics concerns",,
UgPAaEugH3,"2: No, there are no or only very minor ethics concerns","2: No, there are no or only very minor ethics concerns","2: No, there are no or only very minor ethics concerns","2: No, there are no or only very minor ethics concerns",,,
URoZHqAohf,"2: No, there are no or only very minor ethics concerns","2: No, there are no or only very minor ethics concerns","2: No, there are no or only very minor ethics concerns","2: No, there are no or only very minor ethics concerns","2: No, there are no or only very minor ethics concerns",,
UQ8pDKcXTq,"2: No, there are no or only very minor ethics concerns","2: No, there are no or only very minor ethics concerns","2: No, there are no or only very minor ethics concerns","2: No, there are no or only very minor ethics concerns","2: No, there are no or only very minor ethics concerns",,
UErNpveP6R,"2: No, there are no or only very minor ethics concerns","2: No, there are no or only very minor ethics concerns","2: No, there are no or only very minor ethics concerns","2: No, there are no or only very minor ethics concerns",,,
UBbm5embIB,"2: No, there are no or only very minor ethics concerns","2: No, there are no or only very minor ethics concerns","2: No, there are no or only very minor ethics concerns","2: No, there are no or only very minor ethics concerns",,,
U5uRXlLwnM,"2: No, there are no or only very minor ethics concerns","2: No, there are no or only very minor ethics concerns","2: No, there are no or only very minor ethics concerns","2: No, there are no or only very minor ethics concerns","2: No, there are no or only very minor ethics concerns",,
Th33sYMCQd,"2: No, there are no or only very minor ethics concerns","2: No, there are no or only very minor ethics concerns","2: No, there are no or only very minor ethics concerns","2: No, there are no or only very minor ethics concerns","2: No, there are no or only very minor ethics concerns",,
T5ArxPU3Oq,"2: No, there are no or only very minor ethics concerns","2: No, there are no or only very minor ethics concerns","2: No, there are no or only very minor ethics concerns","2: No, there are no or only very minor ethics concerns",,,
T3FKjN4p8d,"2: No, there are no or only very minor ethics concerns","2: No, there are no or only very minor ethics concerns","2: No, there are no or only very minor ethics concerns","2: No, there are no or only very minor ethics concerns","2: No, there are no or only very minor ethics concerns",,
Sq3CLKJeiz,"2: No, there are no or only very minor ethics concerns","2: No, there are no or only very minor ethics concerns","2: No, there are no or only very minor ethics concerns","2: No, there are no or only very minor ethics concerns","2: No, there are no or only very minor ethics concerns",,
SS3CK3yx5Z,"2: No, there are no or only very minor ethics concerns","2: No, there are no or only very minor ethics concerns","2: No, there are no or only very minor ethics concerns","2: No, there are no or only very minor ethics concerns","2: No, there are no or only very minor ethics concerns",,
SNznC08OOO,"2: No, there are no or only very minor ethics concerns","2: No, there are no or only very minor ethics concerns","2: No, there are no or only very minor ethics concerns","2: No, there are no or only very minor ethics concerns","2: No, there are no or only very minor ethics concerns",,
SKN2hflBIZ,"2: No, there are no or only very minor ethics concerns","1: Yes, there are significant ethics concerns","2: No, there are no or only very minor ethics concerns","2: No, there are no or only very minor ethics concerns",,,
SEU9m9NReo,"2: No, there are no or only very minor ethics concerns","2: No, there are no or only very minor ethics concerns","2: No, there are no or only very minor ethics concerns","2: No, there are no or only very minor ethics concerns",,,
SDJ3kYpJFX,"2: No, there are no or only very minor ethics concerns","2: No, there are no or only very minor ethics concerns","2: No, there are no or only very minor ethics concerns","2: No, there are no or only very minor ethics concerns",,,
RwNIqaNOgd,"2: No, there are no or only very minor ethics concerns","2: No, there are no or only very minor ethics concerns","2: No, there are no or only very minor ethics concerns","2: No, there are no or only very minor ethics concerns",,,
RgdGkPRQ03,"2: No, there are no or only very minor ethics concerns","2: No, there are no or only very minor ethics concerns","2: No, there are no or only very minor ethics concerns","2: No, there are no or only very minor ethics concerns","2: No, there are no or only very minor ethics concerns",,
Rep7BB4vDa,"2: No, there are no or only very minor ethics concerns","2: No, there are no or only very minor ethics concerns","2: No, there are no or only very minor ethics concerns","2: No, there are no or only very minor ethics concerns","2: No, there are no or only very minor ethics concerns",,
RZJEkLFlPx,"2: No, there are no or only very minor ethics concerns","2: No, there are no or only very minor ethics concerns","2: No, there are no or only very minor ethics concerns","2: No, there are no or only very minor ethics concerns","2: No, there are no or only very minor ethics concerns",,
RADrFxYqIH,"2: No, there are no or only very minor ethics concerns","2: No, there are no or only very minor ethics concerns","2: No, there are no or only very minor ethics concerns","2: No, there are no or only very minor ethics concerns","2: No, there are no or only very minor ethics concerns",,
Qf8uzIT1OK,"2: No, there are no or only very minor ethics concerns","2: No, there are no or only very minor ethics concerns","2: No, there are no or only very minor ethics concerns","2: No, there are no or only very minor ethics concerns",,,
QXTjde8evS,"2: No, there are no or only very minor ethics concerns","2: No, there are no or only very minor ethics concerns","2: No, there are no or only very minor ethics concerns","2: No, there are no or only very minor ethics concerns",,,
QEDjXv9OyY,"2: No, there are no or only very minor ethics concerns","2: No, there are no or only very minor ethics concerns","2: No, there are no or only very minor ethics concerns","2: No, there are no or only very minor ethics concerns","2: No, there are no or only very minor ethics concerns",,
Pk2x7FPuZ4,"2: No, there are no or only very minor ethics concerns","2: No, there are no or only very minor ethics concerns","2: No, there are no or only very minor ethics concerns",,,,
PWLGrvoqiR,"2: No, there are no or only very minor ethics concerns","2: No, there are no or only very minor ethics concerns","2: No, there are no or only very minor ethics concerns","2: No, there are no or only very minor ethics concerns","2: No, there are no or only very minor ethics concerns",,
PFfmfspm28,"2: No, there are no or only very minor ethics concerns","2: No, there are no or only very minor ethics concerns","2: No, there are no or only very minor ethics concerns","2: No, there are no or only very minor ethics concerns","2: No, there are no or only very minor ethics concerns",,
PF0lxayYST,"2: No, there are no or only very minor ethics concerns","2: No, there are no or only very minor ethics concerns","2: No, there are no or only very minor ethics concerns","2: No, there are no or only very minor ethics concerns",,,
OzcPJz7rgg,"2: No, there are no or only very minor ethics concerns","2: No, there are no or only very minor ethics concerns","1: Yes, there are significant ethics concerns","2: No, there are no or only very minor ethics concerns",,,
OyTIV57Prb,"2: No, there are no or only very minor ethics concerns","2: No, there are no or only very minor ethics concerns","2: No, there are no or only very minor ethics concerns","2: No, there are no or only very minor ethics concerns","2: No, there are no or only very minor ethics concerns",,
OdylEgIR1D,"2: No, there are no or only very minor ethics concerns","2: No, there are no or only very minor ethics concerns","2: No, there are no or only very minor ethics concerns","2: No, there are no or only very minor ethics concerns",,,
OXOLiS0ak6,"2: No, there are no or only very minor ethics concerns","2: No, there are no or only very minor ethics concerns","2: No, there are no or only very minor ethics concerns","2: No, there are no or only very minor ethics concerns","2: No, there are no or only very minor ethics concerns",,
OMOOO3ls6g,"2: No, there are no or only very minor ethics concerns","2: No, there are no or only very minor ethics concerns","2: No, there are no or only very minor ethics concerns","2: No, there are no or only very minor ethics concerns",,,
OL2JQoO0kq,"1: Yes, there are significant ethics concerns","1: Yes, there are significant ethics concerns","2: No, there are no or only very minor ethics concerns","2: No, there are no or only very minor ethics concerns","2: No, there are no or only very minor ethics concerns",,
OHimIaixXk,"2: No, there are no or only very minor ethics concerns","2: No, there are no or only very minor ethics concerns","2: No, there are no or only very minor ethics concerns","2: No, there are no or only very minor ethics concerns","2: No, there are no or only very minor ethics concerns",,
ODB01Fyr4a,"2: No, there are no or only very minor ethics concerns","2: No, there are no or only very minor ethics concerns","2: No, there are no or only very minor ethics concerns","2: No, there are no or only very minor ethics concerns",,,
OB10WTlwmX,"2: No, there are no or only very minor ethics concerns","2: No, there are no or only very minor ethics concerns","2: No, there are no or only very minor ethics concerns","2: No, there are no or only very minor ethics concerns","2: No, there are no or only very minor ethics concerns",,
NoE8g3LRAM,"2: No, there are no or only very minor ethics concerns","2: No, there are no or only very minor ethics concerns","2: No, there are no or only very minor ethics concerns","2: No, there are no or only very minor ethics concerns","2: No, there are no or only very minor ethics concerns",,
MzZcXPeqcU,"2: No, there are no or only very minor ethics concerns","2: No, there are no or only very minor ethics concerns","2: No, there are no or only very minor ethics concerns","2: No, there are no or only very minor ethics concerns","2: No, there are no or only very minor ethics concerns",,
Mn9oHNdYCE,"2: No, there are no or only very minor ethics concerns","2: No, there are no or only very minor ethics concerns","2: No, there are no or only very minor ethics concerns","2: No, there are no or only very minor ethics concerns","2: No, there are no or only very minor ethics concerns",,
MfhJWSp3Ea,"2: No, there are no or only very minor ethics concerns","2: No, there are no or only very minor ethics concerns","2: No, there are no or only very minor ethics concerns","2: No, there are no or only very minor ethics concerns","2: No, there are no or only very minor ethics concerns","1: Yes, there are significant ethics concerns",
McAS4XoZJP,"2: No, there are no or only very minor ethics concerns","2: No, there are no or only very minor ethics concerns","2: No, there are no or only very minor ethics concerns","2: No, there are no or only very minor ethics concerns","1: Yes, there are significant ethics concerns",,
MZopld6S22,"2: No, there are no or only very minor ethics concerns","2: No, there are no or only very minor ethics concerns","2: No, there are no or only very minor ethics concerns","2: No, there are no or only very minor ethics concerns",,,
MLLp6AHQFs,"2: No, there are no or only very minor ethics concerns","2: No, there are no or only very minor ethics concerns","2: No, there are no or only very minor ethics concerns","2: No, there are no or only very minor ethics concerns",,,
MEa0cQeURw,"2: No, there are no or only very minor ethics concerns","2: No, there are no or only very minor ethics concerns","2: No, there are no or only very minor ethics concerns","2: No, there are no or only very minor ethics concerns","2: No, there are no or only very minor ethics concerns",,
Luc1bZLeMY,"2: No, there are no or only very minor ethics concerns","2: No, there are no or only very minor ethics concerns","2: No, there are no or only very minor ethics concerns","2: No, there are no or only very minor ethics concerns","2: No, there are no or only very minor ethics concerns",,
LegGqdch92,"2: No, there are no or only very minor ethics concerns","2: No, there are no or only very minor ethics concerns","2: No, there are no or only very minor ethics concerns","2: No, there are no or only very minor ethics concerns","2: No, there are no or only very minor ethics concerns",,
LaFKTgrZMG,"2: No, there are no or only very minor ethics concerns","2: No, there are no or only very minor ethics concerns","2: No, there are no or only very minor ethics concerns","2: No, there are no or only very minor ethics concerns",,,
LJhfKeqZdu,"2: No, there are no or only very minor ethics concerns","2: No, there are no or only very minor ethics concerns","2: No, there are no or only very minor ethics concerns","2: No, there are no or only very minor ethics concerns","2: No, there are no or only very minor ethics concerns",,
LE4AN1FGjJ,"2: No, there are no or only very minor ethics concerns","2: No, there are no or only very minor ethics concerns","2: No, there are no or only very minor ethics concerns","2: No, there are no or only very minor ethics concerns",,,
L9I9FhHfS3,"1: Yes, there are significant ethics concerns","2: No, there are no or only very minor ethics concerns","2: No, there are no or only very minor ethics concerns","2: No, there are no or only very minor ethics concerns",,,
Kn6VRkYqYk,"2: No, there are no or only very minor ethics concerns","2: No, there are no or only very minor ethics concerns","2: No, there are no or only very minor ethics concerns","2: No, there are no or only very minor ethics concerns",,,
KZjSvE2mJz,"2: No, there are no or only very minor ethics concerns","2: No, there are no or only very minor ethics concerns","2: No, there are no or only very minor ethics concerns","2: No, there are no or only very minor ethics concerns","2: No, there are no or only very minor ethics concerns",,
KRBoWULo2w,"2: No, there are no or only very minor ethics concerns","2: No, there are no or only very minor ethics concerns","2: No, there are no or only very minor ethics concerns","2: No, there are no or only very minor ethics concerns","2: No, there are no or only very minor ethics concerns",,
Jsc7WSCZd4,"2: No, there are no or only very minor ethics concerns","2: No, there are no or only very minor ethics concerns","2: No, there are no or only very minor ethics concerns","2: No, there are no or only very minor ethics concerns",,,
JqWtIIaS8n,"2: No, there are no or only very minor ethics concerns","2: No, there are no or only very minor ethics concerns","2: No, there are no or only very minor ethics concerns","2: No, there are no or only very minor ethics concerns","2: No, there are no or only very minor ethics concerns",,
JVlWseddak,"2: No, there are no or only very minor ethics concerns","2: No, there are no or only very minor ethics concerns","2: No, there are no or only very minor ethics concerns","2: No, there are no or only very minor ethics concerns","2: No, there are no or only very minor ethics concerns",,
JGVSxwKHbq,"2: No, there are no or only very minor ethics concerns","2: No, there are no or only very minor ethics concerns","2: No, there are no or only very minor ethics concerns",,,,
IptxZvA3at,"2: No, there are no or only very minor ethics concerns","2: No, there are no or only very minor ethics concerns","2: No, there are no or only very minor ethics concerns","2: No, there are no or only very minor ethics concerns","2: No, there are no or only very minor ethics concerns",,
IiRHQ7gvnq,"2: No, there are no or only very minor ethics concerns","2: No, there are no or only very minor ethics concerns","2: No, there are no or only very minor ethics concerns",,,,
Icxwnu9hcO,"2: No, there are no or only very minor ethics concerns","2: No, there are no or only very minor ethics concerns","2: No, there are no or only very minor ethics concerns","2: No, there are no or only very minor ethics concerns","2: No, there are no or only very minor ethics concerns",,
HvcLKgtbco,"2: No, there are no or only very minor ethics concerns","2: No, there are no or only very minor ethics concerns","2: No, there are no or only very minor ethics concerns","2: No, there are no or only very minor ethics concerns","2: No, there are no or only very minor ethics concerns",,
HuG4eOFLO9,"2: No, there are no or only very minor ethics concerns","2: No, there are no or only very minor ethics concerns","2: No, there are no or only very minor ethics concerns","2: No, there are no or only very minor ethics concerns",,,
Hm1Ih3uLII,"2: No, there are no or only very minor ethics concerns","2: No, there are no or only very minor ethics concerns","2: No, there are no or only very minor ethics concerns","2: No, there are no or only very minor ethics concerns",,,
HhcQ0zeqZp,"2: No, there are no or only very minor ethics concerns","2: No, there are no or only very minor ethics concerns","2: No, there are no or only very minor ethics concerns",,,,
HfKOIPCvsv,"2: No, there are no or only very minor ethics concerns","2: No, there are no or only very minor ethics concerns","2: No, there are no or only very minor ethics concerns","2: No, there are no or only very minor ethics concerns","2: No, there are no or only very minor ethics concerns",,
HYEGXFnPoq,"2: No, there are no or only very minor ethics concerns","2: No, there are no or only very minor ethics concerns","2: No, there are no or only very minor ethics concerns","2: No, there are no or only very minor ethics concerns","2: No, there are no or only very minor ethics concerns",,
H2Yb28qGLV,"2: No, there are no or only very minor ethics concerns","2: No, there are no or only very minor ethics concerns","2: No, there are no or only very minor ethics concerns","2: No, there are no or only very minor ethics concerns",,,
GjNvvswoUL,"2: No, there are no or only very minor ethics concerns","2: No, there are no or only very minor ethics concerns","1: Yes, there are significant ethics concerns","2: No, there are no or only very minor ethics concerns",,,
GSuP99u2kR,"2: No, there are no or only very minor ethics concerns","2: No, there are no or only very minor ethics concerns","2: No, there are no or only very minor ethics concerns","2: No, there are no or only very minor ethics concerns","2: No, there are no or only very minor ethics concerns",,
GF84C0z45H,"2: No, there are no or only very minor ethics concerns","1: Yes, there are significant ethics concerns","2: No, there are no or only very minor ethics concerns","2: No, there are no or only very minor ethics concerns",,,
GF5l0F19Bt,"2: No, there are no or only very minor ethics concerns","2: No, there are no or only very minor ethics concerns","2: No, there are no or only very minor ethics concerns","2: No, there are no or only very minor ethics concerns",,,
FpK2aQfbyo,"2: No, there are no or only very minor ethics concerns","2: No, there are no or only very minor ethics concerns","2: No, there are no or only very minor ethics concerns","2: No, there are no or only very minor ethics concerns","2: No, there are no or only very minor ethics concerns",,
FC0dsvguFi,"2: No, there are no or only very minor ethics concerns","2: No, there are no or only very minor ethics concerns","2: No, there are no or only very minor ethics concerns","2: No, there are no or only very minor ethics concerns",,,
EPz1DcdPVE,"2: No, there are no or only very minor ethics concerns","2: No, there are no or only very minor ethics concerns","2: No, there are no or only very minor ethics concerns","2: No, there are no or only very minor ethics concerns","2: No, there are no or only very minor ethics concerns",,
EIydMrHBHP,"2: No, there are no or only very minor ethics concerns","2: No, there are no or only very minor ethics concerns","2: No, there are no or only very minor ethics concerns","2: No, there are no or only very minor ethics concerns","2: No, there are no or only very minor ethics concerns",,
EFl8zjjXeX,"2: No, there are no or only very minor ethics concerns","2: No, there are no or only very minor ethics concerns","2: No, there are no or only very minor ethics concerns","2: No, there are no or only very minor ethics concerns","2: No, there are no or only very minor ethics concerns","2: No, there are no or only very minor ethics concerns","2: No, there are no or only very minor ethics concerns"
EBYZSRRzSE,"2: No, there are no or only very minor ethics concerns","2: No, there are no or only very minor ethics concerns","2: No, there are no or only very minor ethics concerns","2: No, there are no or only very minor ethics concerns",,,
DSYuRMJnaY,"2: No, there are no or only very minor ethics concerns","2: No, there are no or only very minor ethics concerns","2: No, there are no or only very minor ethics concerns",,,,
DIeZu6nqvo,"2: No, there are no or only very minor ethics concerns","2: No, there are no or only very minor ethics concerns","2: No, there are no or only very minor ethics concerns","2: No, there are no or only very minor ethics concerns","2: No, there are no or only very minor ethics concerns",,
DILUIcDmU9,"2: No, there are no or only very minor ethics concerns","2: No, there are no or only very minor ethics concerns","2: No, there are no or only very minor ethics concerns","2: No, there are no or only very minor ethics concerns","2: No, there are no or only very minor ethics concerns","2: No, there are no or only very minor ethics concerns","2: No, there are no or only very minor ethics concerns"
D1MOK2t2t2,"2: No, there are no or only very minor ethics concerns","2: No, there are no or only very minor ethics concerns","2: No, there are no or only very minor ethics concerns",,,,
CsXC6IcdwI,"2: No, there are no or only very minor ethics concerns","2: No, there are no or only very minor ethics concerns","2: No, there are no or only very minor ethics concerns","2: No, there are no or only very minor ethics concerns",,,
CpFFRtxcbz,"2: No, there are no or only very minor ethics concerns","2: No, there are no or only very minor ethics concerns","2: No, there are no or only very minor ethics concerns","2: No, there are no or only very minor ethics concerns",,,
CjVdXey4zT,"2: No, there are no or only very minor ethics concerns","2: No, there are no or only very minor ethics concerns","2: No, there are no or only very minor ethics concerns","2: No, there are no or only very minor ethics concerns","2: No, there are no or only very minor ethics concerns",,
CiRHWaRbp0,"2: No, there are no or only very minor ethics concerns","2: No, there are no or only very minor ethics concerns","2: No, there are no or only very minor ethics concerns","2: No, there are no or only very minor ethics concerns","2: No, there are no or only very minor ethics concerns",,
Cf2c9Pk9yF,"2: No, there are no or only very minor ethics concerns","2: No, there are no or only very minor ethics concerns","2: No, there are no or only very minor ethics concerns","2: No, there are no or only very minor ethics concerns","2: No, there are no or only very minor ethics concerns",,
CSJYz1Zovj,"2: No, there are no or only very minor ethics concerns","2: No, there are no or only very minor ethics concerns","2: No, there are no or only very minor ethics concerns","2: No, there are no or only very minor ethics concerns",,,
CG0L2PFrb1,"2: No, there are no or only very minor ethics concerns","2: No, there are no or only very minor ethics concerns","2: No, there are no or only very minor ethics concerns","2: No, there are no or only very minor ethics concerns","2: No, there are no or only very minor ethics concerns",,
C0zw2ERKiQ,"2: No, there are no or only very minor ethics concerns","2: No, there are no or only very minor ethics concerns","2: No, there are no or only very minor ethics concerns","2: No, there are no or only very minor ethics concerns","2: No, there are no or only very minor ethics concerns",,
BgY17iEnTb,"2: No, there are no or only very minor ethics concerns","2: No, there are no or only very minor ethics concerns","2: No, there are no or only very minor ethics concerns",,,,
BR1m3JIoKm,"2: No, there are no or only very minor ethics concerns","2: No, there are no or only very minor ethics concerns","2: No, there are no or only very minor ethics concerns","2: No, there are no or only very minor ethics concerns",,,
BNwsJ4bFsc,"2: No, there are no or only very minor ethics concerns","2: No, there are no or only very minor ethics concerns","2: No, there are no or only very minor ethics concerns","2: No, there are no or only very minor ethics concerns","1: Yes, there are significant ethics concerns",,
AwhpBEqmyo,"2: No, there are no or only very minor ethics concerns","2: No, there are no or only very minor ethics concerns","2: No, there are no or only very minor ethics concerns","2: No, there are no or only very minor ethics concerns",,,
AvttCE8n3H,"2: No, there are no or only very minor ethics concerns","2: No, there are no or only very minor ethics concerns","2: No, there are no or only very minor ethics concerns","1: Yes, there are significant ethics concerns","2: No, there are no or only very minor ethics concerns",,
As4101fOG1,"2: No, there are no or only very minor ethics concerns","2: No, there are no or only very minor ethics concerns","2: No, there are no or only very minor ethics concerns","2: No, there are no or only very minor ethics concerns",,,
ApqgcSnhjh,"2: No, there are no or only very minor ethics concerns","2: No, there are no or only very minor ethics concerns","1: Yes, there are significant ethics concerns","2: No, there are no or only very minor ethics concerns","2: No, there are no or only very minor ethics concerns",,
AIeeXKsspI,"2: No, there are no or only very minor ethics concerns","1: Yes, there are significant ethics concerns","1: Yes, there are significant ethics concerns","1: Yes, there are significant ethics concerns","2: No, there are no or only very minor ethics concerns",,
AA2uO0HHmr,"2: No, there are no or only very minor ethics concerns","2: No, there are no or only very minor ethics concerns","2: No, there are no or only very minor ethics concerns","2: No, there are no or only very minor ethics concerns","2: No, there are no or only very minor ethics concerns",,
9lOVNw7guQ,"2: No, there are no or only very minor ethics concerns","2: No, there are no or only very minor ethics concerns","2: No, there are no or only very minor ethics concerns","2: No, there are no or only very minor ethics concerns",,,
9gkrbrFzZj,"2: No, there are no or only very minor ethics concerns","2: No, there are no or only very minor ethics concerns","2: No, there are no or only very minor ethics concerns","2: No, there are no or only very minor ethics concerns",,,
9gLnjw8DfA,"2: No, there are no or only very minor ethics concerns","2: No, there are no or only very minor ethics concerns","2: No, there are no or only very minor ethics concerns","2: No, there are no or only very minor ethics concerns","2: No, there are no or only very minor ethics concerns",,
9Z1cmO7S7o,"2: No, there are no or only very minor ethics concerns","2: No, there are no or only very minor ethics concerns","2: No, there are no or only very minor ethics concerns","2: No, there are no or only very minor ethics concerns",,,
9U8bqr8epr,"2: No, there are no or only very minor ethics concerns","2: No, there are no or only very minor ethics concerns","2: No, there are no or only very minor ethics concerns","2: No, there are no or only very minor ethics concerns","2: No, there are no or only very minor ethics concerns",,
9FLkxTGY3B,"2: No, there are no or only very minor ethics concerns","2: No, there are no or only very minor ethics concerns","2: No, there are no or only very minor ethics concerns","2: No, there are no or only very minor ethics concerns",,,
9CKx9SsSSc,"2: No, there are no or only very minor ethics concerns","2: No, there are no or only very minor ethics concerns","2: No, there are no or only very minor ethics concerns","2: No, there are no or only very minor ethics concerns","2: No, there are no or only very minor ethics concerns",,
8gDJXL652A,"2: No, there are no or only very minor ethics concerns","1: Yes, there are significant ethics concerns","2: No, there are no or only very minor ethics concerns","2: No, there are no or only very minor ethics concerns",,,
8eVgdwKs2N,"2: No, there are no or only very minor ethics concerns","2: No, there are no or only very minor ethics concerns","2: No, there are no or only very minor ethics concerns","2: No, there are no or only very minor ethics concerns",,,
8bqjirgxQM,"2: No, there are no or only very minor ethics concerns","2: No, there are no or only very minor ethics concerns","2: No, there are no or only very minor ethics concerns","2: No, there are no or only very minor ethics concerns","2: No, there are no or only very minor ethics concerns",,
8ZRAHNT7E9,"2: No, there are no or only very minor ethics concerns","2: No, there are no or only very minor ethics concerns","2: No, there are no or only very minor ethics concerns","2: No, there are no or only very minor ethics concerns","2: No, there are no or only very minor ethics concerns",,
8TMhs2pIfG,"2: No, there are no or only very minor ethics concerns","2: No, there are no or only very minor ethics concerns","2: No, there are no or only very minor ethics concerns","1: Yes, there are significant ethics concerns","2: No, there are no or only very minor ethics concerns",,
846X3N11bf,"2: No, there are no or only very minor ethics concerns","2: No, there are no or only very minor ethics concerns","2: No, there are no or only very minor ethics concerns","2: No, there are no or only very minor ethics concerns","2: No, there are no or only very minor ethics concerns",,
7tMgzSvopH,"2: No, there are no or only very minor ethics concerns","2: No, there are no or only very minor ethics concerns","2: No, there are no or only very minor ethics concerns","2: No, there are no or only very minor ethics concerns",,,
7kc4gtEk3b,"2: No, there are no or only very minor ethics concerns","2: No, there are no or only very minor ethics concerns","2: No, there are no or only very minor ethics concerns","2: No, there are no or only very minor ethics concerns",,,
7fRThuXp3h,"2: No, there are no or only very minor ethics concerns","2: No, there are no or only very minor ethics concerns","2: No, there are no or only very minor ethics concerns","2: No, there are no or only very minor ethics concerns","2: No, there are no or only very minor ethics concerns",,
7bghy0Gq75,"2: No, there are no or only very minor ethics concerns","2: No, there are no or only very minor ethics concerns","2: No, there are no or only very minor ethics concerns",,,,
7VSBaP2OXN,"2: No, there are no or only very minor ethics concerns","2: No, there are no or only very minor ethics concerns","2: No, there are no or only very minor ethics concerns",,,,
7NR2ZVzZxx,"2: No, there are no or only very minor ethics concerns","2: No, there are no or only very minor ethics concerns","2: No, there are no or only very minor ethics concerns","2: No, there are no or only very minor ethics concerns","2: No, there are no or only very minor ethics concerns",,
7AjdHnjIHX,"2: No, there are no or only very minor ethics concerns","2: No, there are no or only very minor ethics concerns","2: No, there are no or only very minor ethics concerns","2: No, there are no or only very minor ethics concerns",,,
71uRr9N39A,"2: No, there are no or only very minor ethics concerns","2: No, there are no or only very minor ethics concerns","2: No, there are no or only very minor ethics concerns","2: No, there are no or only very minor ethics concerns",,,
6zcfrSz98y,"2: No, there are no or only very minor ethics concerns","2: No, there are no or only very minor ethics concerns","2: No, there are no or only very minor ethics concerns",,,,
6jOlRwnqbb,"2: No, there are no or only very minor ethics concerns","2: No, there are no or only very minor ethics concerns","2: No, there are no or only very minor ethics concerns","2: No, there are no or only very minor ethics concerns","2: No, there are no or only very minor ethics concerns",,
6iRH9SITva,"2: No, there are no or only very minor ethics concerns","2: No, there are no or only very minor ethics concerns","2: No, there are no or only very minor ethics concerns","2: No, there are no or only very minor ethics concerns","2: No, there are no or only very minor ethics concerns",,
6hZIfAY9GD,"2: No, there are no or only very minor ethics concerns","2: No, there are no or only very minor ethics concerns","2: No, there are no or only very minor ethics concerns","2: No, there are no or only very minor ethics concerns","2: No, there are no or only very minor ethics concerns",,
6URyQ9QhYv,"2: No, there are no or only very minor ethics concerns","2: No, there are no or only very minor ethics concerns","2: No, there are no or only very minor ethics concerns",,,,
5OjLGiJW3u,"2: No, there are no or only very minor ethics concerns","2: No, there are no or only very minor ethics concerns","2: No, there are no or only very minor ethics concerns",,,,
5HisVXnx0n,"2: No, there are no or only very minor ethics concerns","2: No, there are no or only very minor ethics concerns","2: No, there are no or only very minor ethics concerns","2: No, there are no or only very minor ethics concerns","2: No, there are no or only very minor ethics concerns",,
5FnttJZQFn,"2: No, there are no or only very minor ethics concerns","2: No, there are no or only very minor ethics concerns","2: No, there are no or only very minor ethics concerns","2: No, there are no or only very minor ethics concerns","2: No, there are no or only very minor ethics concerns",,
5Exz7eaBXH,"2: No, there are no or only very minor ethics concerns","2: No, there are no or only very minor ethics concerns","2: No, there are no or only very minor ethics concerns","2: No, there are no or only very minor ethics concerns",,,
5ADv5OfQgU,"2: No, there are no or only very minor ethics concerns","2: No, there are no or only very minor ethics concerns","2: No, there are no or only very minor ethics concerns","2: No, there are no or only very minor ethics concerns",,,
4kV7qDi0EB,"1: Yes, there are significant ethics concerns","2: No, there are no or only very minor ethics concerns","2: No, there are no or only very minor ethics concerns",,,,
4dsMX3RnF0,"2: No, there are no or only very minor ethics concerns","2: No, there are no or only very minor ethics concerns","2: No, there are no or only very minor ethics concerns",,,,
4d8dO5sAeM,"2: No, there are no or only very minor ethics concerns","2: No, there are no or only very minor ethics concerns","2: No, there are no or only very minor ethics concerns","2: No, there are no or only very minor ethics concerns","2: No, there are no or only very minor ethics concerns",,
3z9YV29Ogn,"2: No, there are no or only very minor ethics concerns","2: No, there are no or only very minor ethics concerns","2: No, there are no or only very minor ethics concerns","2: No, there are no or only very minor ethics concerns","2: No, there are no or only very minor ethics concerns",,
3sRR2u72oQ,"2: No, there are no or only very minor ethics concerns","2: No, there are no or only very minor ethics concerns","2: No, there are no or only very minor ethics concerns",,,,
3BxYAaovKr,"2: No, there are no or only very minor ethics concerns","2: No, there are no or only very minor ethics concerns","2: No, there are no or only very minor ethics concerns","2: No, there are no or only very minor ethics concerns",,,
3BQaMV9jxK,"2: No, there are no or only very minor ethics concerns","2: No, there are no or only very minor ethics concerns","2: No, there are no or only very minor ethics concerns",,,,
393EoKpJN3,"2: No, there are no or only very minor ethics concerns","2: No, there are no or only very minor ethics concerns","2: No, there are no or only very minor ethics concerns","2: No, there are no or only very minor ethics concerns","2: No, there are no or only very minor ethics concerns",,
38bZuqQOhC,"2: No, there are no or only very minor ethics concerns","2: No, there are no or only very minor ethics concerns","2: No, there are no or only very minor ethics concerns","2: No, there are no or only very minor ethics concerns","2: No, there are no or only very minor ethics concerns",,
2s7ZZUhEGS,"2: No, there are no or only very minor ethics concerns","2: No, there are no or only very minor ethics concerns","2: No, there are no or only very minor ethics concerns","2: No, there are no or only very minor ethics concerns","2: No, there are no or only very minor ethics concerns",,
2CJUQe6IoR,"1: Yes, there are significant ethics concerns","2: No, there are no or only very minor ethics concerns","2: No, there are no or only very minor ethics concerns","2: No, there are no or only very minor ethics concerns",,,
27vPcG4vKV,"2: No, there are no or only very minor ethics concerns","2: No, there are no or only very minor ethics concerns","2: No, there are no or only very minor ethics concerns","2: No, there are no or only very minor ethics concerns",,,
22RlsVAOTT,"2: No, there are no or only very minor ethics concerns","2: No, there are no or only very minor ethics concerns","1: Yes, there are significant ethics concerns",,,,
1yOnfDpkVe,"2: No, there are no or only very minor ethics concerns","2: No, there are no or only very minor ethics concerns","2: No, there are no or only very minor ethics concerns","2: No, there are no or only very minor ethics concerns","2: No, there are no or only very minor ethics concerns",,
1uAsASS1th,"2: No, there are no or only very minor ethics concerns","2: No, there are no or only very minor ethics concerns","2: No, there are no or only very minor ethics concerns","2: No, there are no or only very minor ethics concerns","2: No, there are no or only very minor ethics concerns",,
1plAfmP5ms,"2: No, there are no or only very minor ethics concerns","2: No, there are no or only very minor ethics concerns","2: No, there are no or only very minor ethics concerns","2: No, there are no or only very minor ethics concerns",,,
1ngbR3SZHW,"2: No, there are no or only very minor ethics concerns","2: No, there are no or only very minor ethics concerns","2: No, there are no or only very minor ethics concerns","2: No, there are no or only very minor ethics concerns","2: No, there are no or only very minor ethics concerns",,
1jrYSOG7DR,"2: No, there are no or only very minor ethics concerns","2: No, there are no or only very minor ethics concerns","2: No, there are no or only very minor ethics concerns","2: No, there are no or only very minor ethics concerns",,,
1agtIRxlCY,"2: No, there are no or only very minor ethics concerns","2: No, there are no or only very minor ethics concerns","2: No, there are no or only very minor ethics concerns","2: No, there are no or only very minor ethics concerns",,,
1ODvxEwsGk,"2: No, there are no or only very minor ethics concerns","2: No, there are no or only very minor ethics concerns","2: No, there are no or only very minor ethics concerns","2: No, there are no or only very minor ethics concerns",,,
10R4Fg1aA0,"2: No, there are no or only very minor ethics concerns","2: No, there are no or only very minor ethics concerns","2: No, there are no or only very minor ethics concerns","2: No, there are no or only very minor ethics concerns","2: No, there are no or only very minor ethics concerns",,
0cltUI2Sto,"2: No, there are no or only very minor ethics concerns","2: No, there are no or only very minor ethics concerns","2: No, there are no or only very minor ethics concerns","2: No, there are no or only very minor ethics concerns",,,
0Wmglu8zak,"2: No, there are no or only very minor ethics concerns","2: No, there are no or only very minor ethics concerns","2: No, there are no or only very minor ethics concerns","2: No, there are no or only very minor ethics concerns","2: No, there are no or only very minor ethics concerns",,
0RSQEh9lRG,"2: No, there are no or only very minor ethics concerns","2: No, there are no or only very minor ethics concerns","2: No, there are no or only very minor ethics concerns","2: No, there are no or only very minor ethics concerns",,,
0MGvE1Gkgv,"2: No, there are no or only very minor ethics concerns","2: No, there are no or only very minor ethics concerns","2: No, there are no or only very minor ethics concerns","2: No, there are no or only very minor ethics concerns",,,
0H5fRQcpQ7,"2: No, there are no or only very minor ethics concerns","2: No, there are no or only very minor ethics concerns","2: No, there are no or only very minor ethics concerns","2: No, there are no or only very minor ethics concerns",,,
